Workbook

Sheet Raw_Data
A1: Bank | B1: GNPA | C1: NNPA | D1: PCR | E1: CAR | F1: NIM | G1: ROA | H1: ROE | I1: LCR
A2: SBI | B2: 1.49 | C2: 0.39 | D2: 74.36 | E2: 15.4 | F2: 2.91 | G2: 1.12 | H2: 18.57 | I2: 120
A3: PNB | B3: 2.95 | C3: 0.29 | D3: 97.14 | E3: 17.74 | F3: 3.01 | G3: 0.89 | H3: 15.67 | I3: 142
A4: HDFC | B4: 1.15 | C4: 0.33 | D4: 71.3 | E4: 19.7 | F4: 3.38 | G4: 1.96 | H4: 14.1 | I4: 123
A5: ICICI | B5: 1.4 | C5: 0.33 | D5: 75.8 | E5: 17.18 | F5: 4.32 | G5: 2.24 | H5: 17.85 | I5: 118.5

Sheet Stress_Calculations
A1: Bank | B1: Base GNPA | C1: Mod GNPA | D1: Sev GNPA | E1: Base CAR | F1: Mod CAR | G1: Sev CAR | H1: Base NIM | I1: Mod NIM | J1: Sev NIM | K1: Base ROA | L1: Mod ROA | M1: Sev ROA | N1: Base ROE | O1: Mod ROE | P1: Sev ROE | Q1: Base PCR | R1: Mod PCR | S1: Sev PCR | T1: Base LCR | U1: Mod LCR | V1: Sev LCR
A2: =Raw_Data!A2 -> SBI | B2: =Raw_Data!B2 -> 1.49 | C2: =B2+Stress_Assumptions!B2 -> 2.49 | D2: =B2+Stress_Assumptions!C2 -> 3.99 | E2: =Raw_Data!E2 -> 15.4 | F2: =E2-Stress_Assumptions!B3 -> 14.9 | G2: =E2-Stress_Assumptions!C3 -> 13.9 | H2: =Raw_Data!F2 -> 2.91 | I2: =H2-Stress_Assumptions!B4 -> 2.71 | J2: =H2-Stress_Assumptions!C4 -> 2.41 | K2: =Raw_Data!G2 -> 1.12 | L2: =K2*(1-Stress_Assumptions!B5) -> 0.952 | M2: =K2*(1-Stress_Assumptions!C5) -> 0.672 | N2: =Raw_Data!H2 -> 18.57 | O2: =N2*(1-Stress_Assumptions!B6) -> 16.713 | P2: =N2*(1-Stress_Assumptions!C6) -> 12.999 | Q2: =Raw_Data!D2 -> 74.36 | R2: =Q2*(1-Stress_Assumptions!B7) -> 70.642 | S2: =Q2*(1-Stress_Assumptions!C7) -> 63.206 | T2: =Raw_Data!I2 -> 120 | U2: =T2*(1-Stress_Assumptions!B8) -> 114 | V2: =T2*(1-Stress_Assumptions!C8) -> 102
A3: =Raw_Data!A3 -> PNB | B3: =Raw_Data!B3 -> 2.95 | C3: =B3+Stress_Assumptions!B3 -> 3.45 | D3: =B3+Stress_Assumptions!C3 -> 4.45 | E3: =Raw_Data!E3 -> 17.74 | F3: =E3-Stress_Assumptions!B4 -> 17.54 | G3: =E3-Stress_Assumptions!C4 -> 17.24 | H3: =Raw_Data!F3 -> 3.01 | I3: =H3-Stress_Assumptions!B5 -> 2.86 | J3: =H3-Stress_Assumptions!C5 -> 2.61 | K3: =Raw_Data!G3 -> 0.89 | L3: =K3*(1-Stress_Assumptions!B6) -> 0.801 | M3: =K3*(1-Stress_Assumptions!C6) -> 0.623 | N3: =Raw_Data!H3 -> 15.67 | O3: =N3*(1-Stress_Assumptions!B7) -> 14.8865 | P3: =N3*(1-Stress_Assumptions!C7) -> 13.3195 | Q3: =Raw_Data!D3 -> 97.14 | R3: =Q3*(1-Stress_Assumptions!B8) -> 92.283 | S3: =Q3*(1-Stress_Assumptions!C8) -> 82.569 | T3: =Raw_Data!I3 -> 142 | U3: =T3*(1-Stress_Assumptions!B9) -> 142 | V3: =T3*(1-Stress_Assumptions!C9) -> 142
A4: =Raw_Data!A4 -> HDFC | B4: =Raw_Data!B4 -> 1.15 | C4: =B4+Stress_Assumptions!B4 -> 1.35 | D4: =B4+Stress_Assumptions!C4 -> 1.65 | E4: =Raw_Data!E4 -> 19.7 | F4: =E4-Stress_Assumptions!B5 -> 19.55 | G4: =E4-Stress_Assumptions!C5 -> 19.3 | H4: =Raw_Data!F4 -> 3.38 | I4: =H4-Stress_Assumptions!B6 -> 3.28 | J4: =H4-Stress_Assumptions!C6 -> 3.08 | K4: =Raw_Data!G4 -> 1.96 | L4: =K4*(1-Stress_Assumptions!B7) -> 1.862 | M4: =K4*(1-Stress_Assumptions!C7) -> 1.666 | N4: =Raw_Data!H4 -> 14.1 | O4: =N4*(1-Stress_Assumptions!B8) -> 13.395 | P4: =N4*(1-Stress_Assumptions!C8) -> 11.985 | Q4: =Raw_Data!D4 -> 71.3 | R4: =Q4*(1-Stress_Assumptions!B9) -> 71.3 | S4: =Q4*(1-Stress_Assumptions!C9) -> 71.3 | T4: =Raw_Data!I4 -> 123 | U4: =T4*(1-Stress_Assumptions!B10) -> 116.85 | V4: =T4*(1-Stress_Assumptions!C10) -> 104.55
A5: =Raw_Data!A5 -> ICICI | B5: =Raw_Data!B5 -> 1.4 | C5: =B5+Stress_Assumptions!B5 -> 1.55 | D5: =B5+Stress_Assumptions!C5 -> 1.8 | E5: =Raw_Data!E5 -> 17.18 | F5: =E5-Stress_Assumptions!B6 -> 17.08 | G5: =E5-Stress_Assumptions!C6 -> 16.88 | H5: =Raw_Data!F5 -> 4.32 | I5: =H5-Stress_Assumptions!B7 -> 4.27 | J5: =H5-Stress_Assumptions!C7 -> 4.17 | K5: =Raw_Data!G5 -> 2.24 | L5: =K5*(1-Stress_Assumptions!B8) -> 2.128 | M5: =K5*(1-Stress_Assumptions!C8) -> 1.904 | N5: =Raw_Data!H5 -> 17.85 | O5: =N5*(1-Stress_Assumptions!B9) -> 17.85 | P5: =N5*(1-Stress_Assumptions!C9) -> 17.85 | Q5: =Raw_Data!D5 -> 75.8 | R5: =Q5*(1-Stress_Assumptions!B10) -> 72.01 | S5: =Q5*(1-Stress_Assumptions!C10) -> 64.43 | T5: =Raw_Data!I5 -> 118.5 | U5: =T5*(1-Stress_Assumptions!B11) -> 118.5 | V5: =T5*(1-Stress_Assumptions!C11) -> 118.5

Sheet Stress_Assumptions
A1: Parameter | B1: Moderate | C1: Severe
A2: GNPA Increase | B2: 1 | C2: 2.5
A3: CAR Reduction | B3: 0.5 | C3: 1.5
A4: NIM Reduction | B4: 0.2 | C4: 0.5
A5: ROA Reduction | B5: 0.15 | C5: 0.4
A6: ROE Reduction | B6: 0.1 | C6: 0.3
A7: PCR Reduction | B7: 0.05 | C7: 0.15
A8: LCR Reduction | B8: 0.05 | C8: 0.15
A9: Dummy | B9: 0 | C9: 0
A10: Dummy | B10: 0.05 | C10: 0.15

Sheet BRI_Scorecard
A1: Bank | B1: Capital Score | C1: Asset Score | D1: Profitability Score | E1: Liquidity Score | F1: Risk Score | G1: BRI | H1: Rank | I1: Severe CAR | J1: Severe GNPA | K1: Vulnerability Score
A2: SBI | B2: =(Raw_Data!E2/MAX(Raw_Data!$E$2:$E$5))*100 -> 78.172589 | C2: =(MIN(Raw_Data!$B$2:$B$5)/Raw_Data!B2)*100 -> 77.181208 | D2: =(Raw_Data!G2/MAX(Raw_Data!$G$2:$G$5))*100 -> 50 | E2: =(Raw_Data!I2/MAX(Raw_Data!$I$2:$I$5))*100 -> 84.507042 | F2: =(Raw_Data!D2/MAX(Raw_Data!$D$2:$D$5))*100 -> 76.54931 | G2: =(B2*0.3)+(C2*0.25)+(D2*0.2)+(E2*0.15)+(F2*0.1) -> 73.078066 | H2: =RANK(G2,$G$2:$G$5,0) -> 3 | I2: =Stress_Calculations!G2 -> 13.9 | J2: =Stress_Calculations!D2 -> 3.99 | K2: =((J2/MAX($J$2:$J$5))*50)+((MIN($I$2:$I$5)/I2)*50) -> 94.831461
A3: PNB | B3: =(Raw_Data!E3/MAX(Raw_Data!$E$2:$E$5))*100 -> 90.050761 | C3: =(MIN(Raw_Data!$B$2:$B$5)/Raw_Data!B3)*100 -> 38.983051 | D3: =(Raw_Data!G3/MAX(Raw_Data!$G$2:$G$5))*100 -> 39.732143 | E3: =(Raw_Data!I3/MAX(Raw_Data!$I$2:$I$5))*100 -> 100 | F3: =(Raw_Data!D3/MAX(Raw_Data!$D$2:$D$5))*100 -> 100 | G3: =(B3*0.3)+(C3*0.25)+(D3*0.2)+(E3*0.15)+(F3*0.1) -> 69.70742 | H3: =RANK(G3,$G$2:$G$5,0) -> 4 | I3: =Stress_Calculations!G3 -> 17.24 | J3: =Stress_Calculations!D3 -> 4.45 | K3: =((J3/MAX($J$2:$J$5))*50)+((MIN($I$2:$I$5)/I3)*50) -> 90.313225
A4: HDFC | B4: =(Raw_Data!E4/MAX(Raw_Data!$E$2:$E$5))*100 -> 100 | C4: =(MIN(Raw_Data!$B$2:$B$5)/Raw_Data!B4)*100 -> 100 | D4: =(Raw_Data!G4/MAX(Raw_Data!$G$2:$G$5))*100 -> 87.5 | E4: =(Raw_Data!I4/MAX(Raw_Data!$I$2:$I$5))*100 -> 86.619718 | F4: =(Raw_Data!D4/MAX(Raw_Data!$D$2:$D$5))*100 -> 73.399218 | G4: =(B4*0.3)+(C4*0.25)+(D4*0.2)+(E4*0.15)+(F4*0.1) -> 92.83288 | H4: =RANK(G4,$G$2:$G$5,0) -> 1 | I4: =Stress_Calculations!G4 -> 19.3 | J4: =Stress_Calculations!D4 -> 1.65 | K4: =((J4/MAX($J$2:$J$5))*50)+((MIN($I$2:$I$5)/I4)*50) -> 54.549689
A5: ICICI | B5: =(Raw_Data!E5/MAX(Raw_Data!$E$2:$E$5))*100 -> 87.208122 | C5: =(MIN(Raw_Data!$B$2:$B$5)/Raw_Data!B5)*100 -> 82.142857 | D5: =(Raw_Data!G5/MAX(Raw_Data!$G$2:$G$5))*100 -> 100 | E5: =(Raw_Data!I5/MAX(Raw_Data!$I$2:$I$5))*100 -> 83.450704 | F5: =(Raw_Data!D5/MAX(Raw_Data!$D$2:$D$5))*100 -> 78.031707 | G5: =(B5*0.3)+(C5*0.25)+(D5*0.2)+(E5*0.15)+(F5*0.1) -> 87.018927 | H5: =RANK(G5,$G$2:$G$5,0) -> 2 | I5: =Stress_Calculations!G5 -> 16.88 | J5: =Stress_Calculations!D5 -> 1.8 | K5: =((J5/MAX($J$2:$J$5))*50)+((MIN($I$2:$I$5)/I5)*50) -> 61.397705

Sheet Dashboard
A1: INDIAN BANKING SECTOR STRESS TEST DASHBOARD
B5: MOST RESILIENT BANK
B7: =INDEX(BRI_Scorecard!A2:A5,MATCH(MAX(BRI_Scorecard!G2:G5),BRI_Scorecard!G2:G5,0)) -> HDFC
B12: HIGHEST BRI SCORE
B14: =MAX(BRI_Scorecard!$G$2:$G$5) -> 92.83288
B19: MOST VULNERABLE | K19: • HDFC Bank ranks #1 on overall resilience. • ICICI Bank combines strong profitability with solid capital buffers. • SBI remains systemically important but exhibits moderate vulnerability. • PNB shows the highest stress sensitivity due to weaker asset quality. • Asset quality and profitability drive most resilience differences.
B21: =INDEX(BRI_Scorecard!$A$2:$A$5,MATCH(MAX(BRI_Scorecard!$K$2:$K$5),BRI_Scorecard!$K$2:$K$5,0)) -> SBI
B26: VULNERABILITY SCORE
B28: =MAX(BRI_Scorecard!$K$2:$K$5) -> 94.831461
